{"cameraMode":{"drawMode":0,"name":"Shaded","section":"Shading Mode"},"sceneLighting":true,"audioPlay":false,"sceneViewState":{"showFog":true,"showMaterialUpdate":false,"showSkybox":true,"showFlares":true,"showImageEffects":true,"showParticleSystems":true},"in2DMode":false,"pivot":{"x":35.624908447265628,"y":-142.93238830566407,"z":-153.36953735351563},"rotation":{"x":-0.10762113332748413,"y":0.8918864727020264,"z":-0.2944716513156891,"w":-0.3259561061859131},"size":319.38885498046877,"orthographic":false}