{"cameraMode":{"drawMode":0,"name":"Shaded","section":"Shading Mode"},"sceneLighting":true,"audioPlay":false,"sceneViewState":{"showFog":true,"showMaterialUpdate":false,"showSkybox":false,"showFlares":true,"showImageEffects":true,"showParticleSystems":true},"in2DMode":false,"pivot":{"x":-58.897979736328128,"y":8.721839904785157,"z":32.389312744140628},"rotation":{"x":-0.09781183302402497,"y":0.7229313254356384,"z":-0.6759254336357117,"w":-0.10460071265697479},"size":23.815902709960939,"orthographic":false}