{"cameraMode":{"drawMode":0,"name":"Shaded","section":"Shading Mode"},"sceneLighting":true,"audioPlay":false,"sceneViewState":{"showFog":true,"showMaterialUpdate":false,"showSkybox":true,"showFlares":true,"showImageEffects":true,"showParticleSystems":true},"in2DMode":false,"pivot":{"x":-48.310760498046878,"y":189.92990112304688,"z":-68.5277099609375},"rotation":{"x":0.023096788674592973,"y":0.01440364308655262,"z":0.00033201611950062215,"w":-0.9996345639228821},"size":202.7706298828125,"orthographic":false}