{"cameraMode":{"drawMode":0,"name":"Shaded","section":"Shading Mode"},"sceneLighting":true,"audioPlay":false,"sceneViewState":{"showFog":true,"showMaterialUpdate":false,"showSkybox":true,"showFlares":true,"showImageEffects":true,"showParticleSystems":true},"in2DMode":false,"pivot":{"x":481.67340087890627,"y":319.3524475097656,"z":-123.50104522705078},"rotation":{"x":-0.2308458685874939,"y":-0.06006446108222008,"z":0.014292685315012932,"w":-0.971038281917572},"size":264.0340576171875,"orthographic":false}