{"cameraMode":{"drawMode":0,"name":"Shaded","section":"Shading Mode"},"sceneLighting":true,"audioPlay":false,"sceneViewState":{"showFog":true,"showMaterialUpdate":false,"showSkybox":false,"showFlares":true,"showImageEffects":true,"showParticleSystems":true},"in2DMode":false,"pivot":{"x":34.0,"y":30.85955047607422,"z":-23.0999755859375},"rotation":{"x":0.14115479588508607,"y":-0.061154983937740329,"z":0.008728383108973503,"w":0.9880672097206116},"size":708.6577758789063,"orthographic":false}