{"cameraMode":{"drawMode":0,"name":"Shaded","section":"Shading Mode"},"sceneLighting":true,"audioPlay":false,"sceneViewState":{"showFog":true,"showMaterialUpdate":false,"showSkybox":true,"showFlares":true,"showImageEffects":true,"showParticleSystems":true},"in2DMode":false,"pivot":{"x":241.8121795654297,"y":15.485321044921875,"z":-218.96197509765626},"rotation":{"x":-0.10762113332748413,"y":0.8918864727020264,"z":-0.2944716513156891,"w":-0.3259561061859131},"size":6.273512840270996,"orthographic":false}