{"cameraMode":{"drawMode":0,"name":"Shaded","section":"Shading Mode"},"sceneLighting":true,"audioPlay":false,"sceneViewState":{"showFog":true,"showMaterialUpdate":false,"showSkybox":true,"showFlares":true,"showImageEffects":true,"showParticleSystems":true},"in2DMode":false,"pivot":{"x":126.45712280273438,"y":149.94155883789063,"z":-41.8056640625},"rotation":{"x":0.01307691726833582,"y":0.13071103394031526,"z":0.0017241077730432153,"w":-0.9913339614868164},"size":424.267822265625,"orthographic":false}